{"data_time": 0.01857912848936394, "eta_seconds": 810.8638785697985, "fast_rcnn/cls_accuracy": 0.7890625, "fast_rcnn/false_negative": 1.0, "fast_rcnn/fg_cls_accuracy": 0.0, "iteration": 19, "loss_box_reg": 0.5861353278160095, "loss_cls": 0.9982063174247742, "loss_rpn_cls": 0.07812783494591713, "loss_rpn_loc": 0.013029932044446468, "lr": 0.00039962, "roi_head/num_bg_samples": 27.0, "roi_head/num_fg_samples": 5.0, "rpn/num_neg_anchors": 251.25, "rpn/num_pos_anchors": 4.75, "time": 0.16282407200196758, "total_loss": 1.9566289419308305}
{"data_time": 0.019687417006934993, "eta_seconds": 806.958785362076, "fast_rcnn/cls_accuracy": 0.8125, "fast_rcnn/false_negative": 1.0, "fast_rcnn/fg_cls_accuracy": 0.0, "iteration": 39, "loss_box_reg": 0.6025037169456482, "loss_cls": 0.48696358501911163, "loss_rpn_cls": 0.05331464484333992, "loss_rpn_loc": 0.007880551274865866, "lr": 0.0007992199999999998, "roi_head/num_bg_samples": 26.0, "roi_head/num_fg_samples": 6.0, "rpn/num_neg_anchors": 252.5, "rpn/num_pos_anchors": 3.5, "time": 0.16161855150130577, "total_loss": 1.256820534588769}
{"data_time": 0.018893808010034263, "eta_seconds": 798.6156448438123, "fast_rcnn/cls_accuracy": 0.8203125, "fast_rcnn/false_negative": 0.6458333333333333, "fast_rcnn/fg_cls_accuracy": 0.14583333333333331, "iteration": 59, "loss_box_reg": 0.8474109172821045, "loss_cls": 0.45146001875400543, "loss_rpn_cls": 0.03279802203178406, "loss_rpn_loc": 0.0075719940941780806, "lr": 0.00119882, "roi_head/num_bg_samples": 24.5, "roi_head/num_fg_samples": 7.5, "rpn/num_neg_anchors": 252.25, "rpn/num_pos_anchors": 3.75, "time": 0.160495076503139, "total_loss": 1.3207461026031524}
{"data_time": 0.01876671550417086, "fast_rcnn/cls_accuracy": 0.8046875, "fast_rcnn/false_negative": 1.0, "fast_rcnn/fg_cls_accuracy": 0.0, "iteration": 76, "loss_box_reg": 0.8084121346473694, "loss_cls": 0.5658693015575409, "loss_rpn_cls": 0.03405907563865185, "loss_rpn_loc": 0.007697015767917037, "lr": 0.0015384799999999998, "roi_head/num_bg_samples": 25.0, "roi_head/num_fg_samples": 7.0, "rpn/num_neg_anchors": 252.5, "rpn/num_pos_anchors": 3.5, "time": 0.16811756399692968, "total_loss": 1.4154714979231358}
{"eta_seconds": 801.0742036146403, "iteration": 77}
